id,title,score,num_comments,author,created_utc,url,over_18,edited,spoiler,stickied
1er7c63,Apache Airflow sucks change my mind,67,101,Mysterious-Blood2404,2024-08-13 13:03:27,https://www.reddit.com/r/dataengineering/comments/1er7c63/apache_airflow_sucks_change_my_mind/,False,False,False,False
1er8pvk,The Numbers behind Uber's Data Infrastructure Stack,58,10,2minutestreaming,2024-08-13 14:03:49,https://www.reddit.com/r/dataengineering/comments/1er8pvk/the_numbers_behind_ubers_data_infrastructure_stack/,False,False,False,False
1eqx7fu,How much data science to learn as a data engineer?,37,22,khaili109,2024-08-13 02:54:55,https://www.reddit.com/r/dataengineering/comments/1eqx7fu/how_much_data_science_to_learn_as_a_data_engineer/,False,False,False,False
1erbn43,Is it still worth while to Learn Scala in 2024 ?,22,24,Bentobox-Alt,2024-08-13 16:00:43,https://www.reddit.com/r/dataengineering/comments/1erbn43/is_it_still_worth_while_to_learn_scala_in_2024/,False,False,False,False
1erd77q,Tata 1mg data stack | 500M monthly page views by 40M unique users | 70% retention,18,4,ephemeral404,2024-08-13 17:02:47,https://www.reddit.com/gallery/1erd77q,False,False,False,False
1eqvcmg,The Line Between DevOps and Data Engineering,16,6,AMDataLake,2024-08-13 01:24:40,https://www.reddit.com/r/dataengineering/comments/1eqvcmg/the_line_between_devops_and_data_engineering/,False,False,False,False
1eqviv0,Joining the Job Hunt,15,19,Professional_Peak983,2024-08-13 01:33:07,https://www.reddit.com/r/dataengineering/comments/1eqviv0/joining_the_job_hunt/,False,False,False,False
1er1pr5,Semantic Layer,13,14,vuncentV7,2024-08-13 07:26:05,https://www.reddit.com/r/dataengineering/comments/1er1pr5/semantic_layer/,False,False,False,False
1eqrh2n,A Python Package for Alibaba Data Extraction,12,5,7_hole,2024-08-12 22:33:13,https://www.reddit.com/r/dataengineering/comments/1eqrh2n/a_python_package_for_alibaba_data_extraction/,False,False,False,False
1er7y55,"Use cases where a Data Vault is better than Medallion architecture (or raw, staging, presentation layer)",9,14,mlobet,2024-08-13 13:30:47,https://www.reddit.com/r/dataengineering/comments/1er7y55/use_cases_where_a_data_vault_is_better_than/,False,False,False,False
1er1hhx,Messaging tool that can be used with Azure synapse analytics ,7,3,Evening_Mouse_9582,2024-08-13 07:10:53,https://www.reddit.com/r/dataengineering/comments/1er1hhx/messaging_tool_that_can_be_used_with_azure/,False,False,False,False
1er16uu,How would you describe the differences between an OLAP cube and OBT (One Big Table)?,7,1,Sam___D,2024-08-13 06:51:25,https://www.reddit.com/r/dataengineering/comments/1er16uu/how_would_you_describe_the_differences_between_an/,False,False,False,False
1er8kbi,Best ETL tools to export data to a OneDrive folder.,9,1,garciaphillip,2024-08-13 13:57:36,https://www.reddit.com/r/dataengineering/comments/1er8kbi/best_etl_tools_to_export_data_to_a_onedrive_folder/,False,False,False,False
1er9b8i,Will working in Data Analyst boost up my profile for Data Engineer,5,5,Particular-Craft-198,2024-08-13 14:28:52,https://www.reddit.com/r/dataengineering/comments/1er9b8i/will_working_in_data_analyst_boost_up_my_profile/,False,False,False,False
1er9x0y,I feel like I'm being pushed aside.,4,7,KoalaEither7913,2024-08-13 14:53:33,https://www.reddit.com/r/dataengineering/comments/1er9x0y/i_feel_like_im_being_pushed_aside/,False,False,False,False
1er8zs2,informatica pricing for 500 IPUs? ,3,3,jjlolo,2024-08-13 14:15:23,https://www.reddit.com/r/dataengineering/comments/1er8zs2/informatica_pricing_for_500_ipus/,False,False,False,False
1er44u1,Models for comparing reactions to earnings announcements,4,3,SignificantJello7330,2024-08-13 10:11:39,https://www.reddit.com/r/dataengineering/comments/1er44u1/models_for_comparing_reactions_to_earnings/,False,False,False,False
1ergc9e,Pipelines in Typescript ,3,1,nydasco,2024-08-13 19:09:02,https://www.reddit.com/r/dataengineering/comments/1ergc9e/pipelines_in_typescript/,False,False,False,False
1erg4e2,The line between Data Engineering and Business/Functional analyst,3,2,code_mc,2024-08-13 19:00:17,https://www.reddit.com/r/dataengineering/comments/1erg4e2/the_line_between_data_engineering_and/,False,False,False,False
1erb1ev,deltadb: a sqlite alternative powered by polars and deltalake,3,1,uname-n,2024-08-13 15:36:50,https://www.reddit.com/r/dataengineering/comments/1erb1ev/deltadb_a_sqlite_alternative_powered_by_polars/,False,False,False,False
1equ8od,Best Approach or Best Practices?,4,1,Better_Volume_2839,2024-08-13 00:33:36,https://www.reddit.com/r/dataengineering/comments/1equ8od/best_approach_or_best_practices/,False,False,False,False
1eqqdx0,Snowflake GenAI pipeline pricing,2,4,MONAGRAW,2024-08-12 21:48:20,https://www.reddit.com/r/dataengineering/comments/1eqqdx0/snowflake_genai_pipeline_pricing/,False,False,False,False
1erhufn,Storage and ETL pipeline for images,3,0,punims,2024-08-13 20:09:24,https://www.reddit.com/r/dataengineering/comments/1erhufn/storage_and_etl_pipeline_for_images/,False,False,False,False
1erhmjj,Kafka vs Gazette?,3,0,Minimum-Area-5695,2024-08-13 20:00:41,https://www.reddit.com/r/dataengineering/comments/1erhmjj/kafka_vs_gazette/,False,False,False,False
1ergjde,Version Control for SQL procs,2,1,karina271,2024-08-13 19:17:02,https://www.reddit.com/r/dataengineering/comments/1ergjde/version_control_for_sql_procs/,False,False,False,False
1erg288,Modern solutions to data entry,2,2,OutOfBitz,2024-08-13 18:57:51,https://www.reddit.com/r/dataengineering/comments/1erg288/modern_solutions_to_data_entry/,False,False,False,False
1erf387,Oracle to Snowflake using Qlik replicate,2,2,Witty_Inspection_554,2024-08-13 18:18:37,https://www.reddit.com/r/dataengineering/comments/1erf387/oracle_to_snowflake_using_qlik_replicate/,False,False,False,False
1erduof,How do you guys handle backfills,2,1,Initial_Membership_3,2024-08-13 17:28:53,https://www.reddit.com/r/dataengineering/comments/1erduof/how_do_you_guys_handle_backfills/,False,False,False,False
1er1f2i,Airflow with DataProc,2,0,Suspicious-One-9296,2024-08-13 07:06:25,https://www.reddit.com/r/dataengineering/comments/1er1f2i/airflow_with_dataproc/,False,False,False,False
1eriq2j,Data Practitioners - What do you do? ,2,0,Yeehee4619,2024-08-13 20:51:15,https://www.reddit.com/r/dataengineering/comments/1eriq2j/data_practitioners_what_do_you_do/,False,False,False,False
1erbf8g,User Management in ClickHouseÂ® Databases: The Unabridged Edition,0,0,Altinity_CristinaM,2024-08-13 15:52:02,https://hubs.la/Q02Ft0jd0,False,False,False,False
1er3g4m,Ever seriously wondered whether you should just use github actions for everything?,0,8,engineer_of-sorts,2024-08-13 09:26:36,https://www.reddit.com/r/dataengineering/comments/1er3g4m/ever_seriously_wondered_whether_you_should_just/,False,False,False,False
